{"initial_reset_timestamp": 1625920396.8268595, "timestamps": [1625920425.8601453], "episode_lengths": [15], "episode_rewards": [15.0], "episode_types": ["t"]}